Date,Open,High,Low,Close
2021-12-31,994.42,1000.0,994.42,1000.0
2022-01-03,1003.86,1011.44,1003.86,1011.44
2022-01-04,1017.6,1018.41,1017.6,1018.41
2022-01-05,1017.12,1021.63,1017.12,1021.63
2022-01-06,1013.66,1015.1,1013.66,1015.1
2022-01-07,1022.03,1022.03,1008.87,1008.87
2022-01-10,1009.01,1024.15,1009.01,1024.15
2022-01-11,1021.11,1043.79,1021.11,1043.79
2022-01-12,1051.15,1052.88,1051.15,1052.88
2022-01-13,1052.28,1062.49,1052.28,1062.49
2022-01-14,1059.05,1076.03,1059.05,1076.03
2022-01-17,1078.01,1078.01,1072.48,1072.48
2022-01-18,1074.71,1074.71,1051.54,1051.54
2022-01-19,1050.73,1050.73,1037.92,1037.92
2022-01-20,1037.73,1037.73,1030.37,1030.37
2022-01-21,1026.7,1026.7,1006.56,1006.56
2022-01-24,1007.03,1007.03,971.83,971.83
2022-01-25,964.94,978.89,964.94,978.89
2022-01-27,966.18,967.25,966.18,967.25
2022-01-28,972.03,972.03,970.89,970.89
2022-01-31,983.86,983.86,983.42,983.42
2022-02-01,992.23,1007.54,992.23,1007.54
2022-02-02,1001.22,1018.19,1001.22,1018.19
2022-02-03,1019.17,1019.17,1009.89,1009.89
2022-02-04,1012.23,1012.23,1001.23,1001.23
2022-02-07,1002.63,1002.63,1000.33,1000.33
2022-02-08,1003.52,1003.52,999.88,999.88
2022-02-09,1005.31,1016.66,1005.31,1016.66
2022-02-10,1022.03,1022.03,1012.7,1012.7
2022-02-11,1003.23,1006.41,1003.23,1006.41
2022-02-14,988.28,988.28,955.31,955.31
2022-02-15,962.56,986.91,962.56,986.91
2022-02-16,990.97,998.91,990.97,998.91
2022-02-17,1001.76,1001.76,992.57,992.57
2022-02-18,987.48,987.48,982.26,982.26
2022-02-21,974.36,974.36,964.3,964.3
2022-02-22,939.4,950.12,939.4,950.12
2022-02-23,957.74,957.74,954.55,954.55
2022-02-24,922.05,922.05,884.24,884.24
2022-02-25,908.53,932.57,908.53,932.57
2022-02-28,921.94,942.21,921.94,942.21
2022-03-02,935.39,939.08,935.39,939.08
2022-03-03,947.67,947.67,931.38,931.38
2022-03-04,923.73,923.73,916.78,916.78
2022-03-07,901.16,901.16,890.07,890.07
2022-03-08,889.88,900.1,889.88,900.1
2022-03-09,911.96,937.41,911.96,937.41
2022-03-10,959.56,959.56,952.66,952.66
2022-03-11,950.29,957.82,950.29,957.82
2022-03-14,956.38,960.12,956.38,960.12
2022-03-15,965.79,965.79,946.95,946.95
2022-03-16,956.04,963.04,956.04,963.04
2022-03-17,973.86,973.86,972.09,972.09
2022-03-21,974.01,974.01,959.41,959.41
2022-03-22,958.74,965.0,958.74,965.0
2022-03-23,972.53,972.53,959.43,959.43
2022-03-24,956.57,964.06,956.57,964.06
2022-03-25,968.19,990.77,968.19,990.77
2022-03-28,992.9,992.9,980.93,980.93
2022-03-29,987.29,997.33,987.29,997.33
2022-03-30,1006.54,1006.54,1006.27,1006.27
2022-03-31,1008.6,1016.62,1008.6,1016.62
2022-04-01,1017.72,1031.61,1017.72,1031.61
2022-04-04,1036.1,1052.54,1036.1,1052.54
2022-04-05,1066.0,1070.43,1066.0,1070.43
2022-04-06,1071.62,1084.54,1071.62,1084.54
2022-04-07,1087.47,1087.47,1056.05,1056.05
2022-04-08,1063.29,1076.8,1063.29,1076.8
2022-04-11,1077.28,1083.52,1077.28,1083.52
2022-04-12,1082.74,1082.74,1067.08,1067.08
2022-04-13,1073.39,1073.39,1058.46,1058.46
2022-04-18,1051.04,1055.9,1051.04,1055.9
2022-04-19,1062.65,1062.65,1031.73,1031.73
2022-04-20,1039.65,1039.65,1036.63,1036.63
2022-04-21,1042.53,1061.9,1042.53,1061.9
2022-04-22,1058.69,1074.93,1058.69,1074.93
2022-04-25,1066.41,1066.41,1055.25,1055.25
2022-04-26,1064.83,1086.37,1064.83,1086.37
2022-04-27,1085.67,1085.67,1066.16,1066.16
2022-04-28,1078.78,1078.78,1075.29,1075.29
2022-04-29,1081.91,1081.91,1055.23,1055.23
2022-05-02,1045.39,1055.35,1045.39,1055.35
2022-05-04,1059.27,1059.27,1014.88,1014.88
2022-05-05,1025.22,1025.22,1012.68,1012.68
2022-05-06,996.97,1005.3,996.97,1005.3
2022-05-09,1000.14,1000.14,981.98,981.98
2022-05-10,981.63,981.63,960.98,960.98
2022-05-11,965.13,965.13,951.26,951.26
2022-05-12,947.89,947.89,913.52,913.52
2022-05-13,926.36,926.36,916.75,916.75
2022-05-16,924.76,930.5,924.76,930.5
2022-05-17,937.1,961.03,937.1,961.03
2022-05-18,966.79,971.5,966.79,971.5
2022-05-19,951.37,951.37,944.9,944.9
2022-05-20,961.32,963.16,961.32,963.16
2022-05-23,973.62,973.62,965.61,965.61
2022-05-24,969.78,969.78,960.31,960.31
2022-05-25,953.67,953.67,935.09,935.09
2022-05-26,940.77,951.42,940.77,951.42
2022-05-27,960.19,960.19,959.82,959.82
2022-05-30,969.04,982.3,969.04,982.3
2022-05-31,979.97,983.12,979.97,983.12
2022-06-01,988.41,988.41,985.38,985.38
2022-06-02,985.57,993.83,985.57,993.83
2022-06-03,1004.19,1004.19,980.68,980.68
2022-06-06,978.6,978.6,978.23,978.23
2022-06-07,975.26,975.26,968.64,968.64
2022-06-08,968.29,968.29,962.33,962.33
2022-06-09,959.42,974.27,959.42,974.27
2022-06-10,964.43,968.81,964.43,968.81
2022-06-13,952.23,952.23,934.44,934.44
2022-06-14,930.09,938.78,930.09,938.78
2022-06-15,943.23,943.23,936.84,936.84
2022-06-16,945.23,945.23,905.27,905.27
2022-06-17,898.87,898.87,892.83,892.83
2022-06-20,893.1,893.1,876.87,876.87
2022-06-21,885.56,909.05,885.56,909.05
2022-06-22,903.05,903.05,891.97,891.97
2022-06-23,896.54,898.1,896.54,898.1
2022-06-24,904.3,908.78,904.3,908.78
2022-06-27,921.0,921.0,911.51,911.51
2022-06-28,906.21,908.79,906.21,908.79
2022-06-29,904.3,906.02,904.3,906.02
2022-06-30,906.51,906.51,893.93,893.93
2022-07-01,892.9,904.06,892.9,904.06
2022-07-04,902.31,907.33,902.31,907.33
2022-07-05,910.45,910.45,905.7,905.7
2022-07-06,914.19,927.5,914.19,927.5
2022-07-07,935.38,938.85,935.38,938.85
2022-07-08,943.87,947.32,943.87,947.32
2022-07-11,945.53,959.46,945.53,959.46
2022-07-12,958.53,960.95,958.53,960.95
2022-07-13,970.43,970.43,960.61,960.61
2022-07-14,964.87,964.87,962.78,962.78
2022-07-15,971.05,972.44,971.05,972.44
2022-07-18,978.59,979.11,978.59,979.11
2022-07-19,976.29,983.7,976.29,983.7
2022-07-20,993.81,993.81,979.89,979.89
2022-07-21,983.34,996.45,983.34,996.45
2022-07-22,1000.3,1000.3,993.98,993.98
2022-07-25,997.04,997.04,994.24,994.24
2022-07-26,993.18,993.18,986.07,986.07
2022-07-27,985.69,997.01,985.69,997.01
2022-07-28,1001.87,1006.7,1001.87,1006.7
2022-07-29,1013.79,1024.81,1013.79,1024.81
2022-08-01,1031.41,1046.53,1031.41,1046.53
2022-08-02,1045.94,1054.67,1045.94,1054.67
2022-08-03,1055.3,1055.3,1052.49,1052.49
2022-08-04,1058.77,1058.77,1045.21,1045.21
2022-08-05,1051.38,1054.44,1051.38,1054.44
2022-08-08,1056.75,1056.75,1050.85,1050.85
2022-08-10,1051.12,1051.12,1042.66,1042.66
2022-08-11,1053.06,1053.06,1044.16,1044.16
2022-08-12,1046.57,1046.57,1040.18,1040.18
2022-08-16,1047.34,1072.35,1047.34,1072.35
2022-08-17,1077.39,1077.39,1070.47,1070.47
2022-08-18,1070.13,1074.35,1070.13,1074.35
2022-08-19,1076.3,1084.64,1076.3,1084.64
2022-08-22,1087.42,1087.42,1059.87,1059.87
2022-08-23,1051.54,1063.19,1051.54,1063.19
2022-08-24,1061.2,1066.06,1061.2,1066.06
2022-08-25,1071.69,1071.69,1059.54,1059.54
2022-08-26,1066.06,1079.3,1066.06,1079.3
2022-08-29,1053.62,1068.94,1053.62,1068.94
2022-08-30,1077.83,1085.59,1077.83,1085.59
2022-09-01,1083.74,1093.11,1083.74,1093.11
2022-09-02,1097.06,1098.6,1097.06,1098.6
2022-09-05,1101.34,1101.34,1092.8,1092.8
2022-09-06,1097.33,1097.33,1091.82,1091.82
2022-09-07,1089.0,1122.21,1089.0,1122.21
2022-09-08,1125.65,1125.65,1125.6,1125.6
2022-09-09,1131.51,1145.7,1131.51,1145.7
2022-09-12,1152.35,1165.63,1152.35,1165.63
2022-09-13,1171.86,1180.43,1171.86,1180.43
2022-09-14,1166.13,1180.88,1166.13,1180.88
2022-09-15,1188.8,1190.52,1188.8,1190.52
2022-09-16,1190.33,1190.33,1151.25,1151.25
2022-09-19,1156.45,1167.04,1156.45,1167.04
2022-09-20,1180.19,1180.19,1177.98,1177.98
2022-09-21,1180.86,1180.86,1151.44,1151.44
2022-09-22,1151.2,1163.43,1151.2,1163.43
2022-09-23,1166.04,1166.04,1130.83,1130.83
2022-09-26,1124.52,1124.52,1081.7,1081.7
2022-09-27,1083.23,1083.23,1073.07,1073.07
2022-09-28,1066.39,1066.39,1060.67,1060.67
2022-09-29,1072.69,1072.69,1060.89,1060.89
2022-09-30,1064.74,1069.93,1064.74,1069.93
2022-10-03,1070.67,1070.67,1037.39,1037.39
2022-10-04,1045.0,1077.74,1045.0,1077.74
2022-10-06,1085.32,1085.32,1077.32,1077.32
2022-10-07,1077.1,1077.1,1072.14,1072.14
2022-10-10,1058.01,1058.01,1051.2,1051.2
2022-10-11,1057.82,1057.82,1035.95,1035.95
2022-10-12,1041.77,1044.54,1041.77,1044.54
2022-10-13,1048.32,1048.32,1028.93,1028.93
2022-10-14,1046.38,1046.38,1028.6,1028.6
2022-10-17,1028.84,1028.84,1028.75,1028.75
2022-10-18,1036.4,1048.69,1036.4,1048.69
2022-10-19,1053.92,1056.9,1053.92,1056.9
2022-10-20,1052.21,1052.21,1020.38,1020.38
2022-10-21,1025.92,1025.92,974.13,974.13
2022-10-24,981.52,983.15,981.52,983.15
2022-10-25,986.93,986.93,976.83,976.83
2022-10-27,980.99,989.17,980.99,989.17
2022-10-28,994.44,994.44,981.65,981.65
2022-10-31,985.1,985.1,982.85,982.85
2022-11-01,985.53,1006.56,985.53,1006.56
2022-11-02,1012.36,1012.36,1001.65,1001.65
2022-11-03,995.9,1003.63,995.9,1003.63
2022-11-04,1006.25,1022.16,1006.25,1022.16
2022-11-07,1024.47,1024.47,1016.14,1016.14
2022-11-09,1023.81,1031.94,1023.81,1031.94
2022-11-10,1033.43,1033.43,1023.26,1023.26
2022-11-11,1035.87,1035.87,1024.52,1024.52
2022-11-14,1030.34,1030.34,1024.03,1024.03
2022-11-15,1028.87,1028.87,1028.8,1028.8
2022-11-16,1033.25,1033.25,1016.95,1016.95
2022-11-17,1014.81,1014.98,1014.81,1014.98
2022-11-18,1016.52,1016.52,1006.4,1006.4
2022-11-21,1014.64,1014.64,996.73,996.73
2022-11-22,998.29,1001.09,998.29,1001.09
2022-11-23,1006.52,1006.52,1004.66,1004.66
2022-11-24,1010.65,1010.65,1008.27,1008.27
2022-11-25,1009.52,1018.79,1009.52,1018.79
2022-11-28,1018.19,1018.19,1015.29,1015.29
2022-11-29,1017.83,1018.88,1017.83,1018.88
2022-11-30,1018.39,1029.92,1018.39,1029.92
2022-12-01,1035.9,1035.9,1035.7,1035.7
2022-12-02,1037.63,1040.37,1037.63,1040.37
2022-12-05,1043.69,1044.0,1043.69,1044.0
2022-12-06,1043.69,1043.69,1039.22,1039.22
2022-12-07,1043.25,1043.25,1033.88,1033.88
2022-12-08,1036.7,1045.97,1036.7,1045.97
2022-12-09,1050.59,1050.59,1043.09,1043.09
2022-12-12,1043.15,1049.06,1043.15,1049.06
2022-12-13,1052.2,1058.93,1052.2,1058.93
2022-12-14,1062.37,1062.37,1058.84,1058.84
2022-12-15,1057.87,1057.87,1044.08,1044.08
2022-12-16,1045.02,1045.02,1025.31,1025.31
2022-12-19,1025.17,1043.2,1025.17,1043.2
2022-12-20,1044.18,1044.18,1040.93,1040.93
2022-12-21,1045.98,1045.98,1014.12,1014.12
2022-12-22,1017.75,1017.75,1005.8,1005.8
2022-12-23,996.38,996.38,950.67,950.67
2022-12-26,951.58,968.65,951.58,968.65
2022-12-27,974.52,982.97,974.52,982.97
2022-12-28,981.8,981.8,978.52,978.52
2022-12-29,975.52,985.6,975.52,985.6
2022-12-30,990.83,990.83,987.28,987.28
2023-01-02,991.45,996.14,991.45,996.14
2023-01-03,995.89,997.99,995.89,997.99
2023-01-04,999.22,999.22,981.71,981.71
2023-01-05,987.47,989.55,987.47,989.55
2023-01-06,990.8,990.8,977.06,977.06
2023-01-09,982.41,987.09,982.41,987.09
2023-01-10,987.8,987.8,971.98,971.98
2023-01-11,974.43,974.43,974.2,974.2
2023-01-12,976.5,976.5,970.09,970.09
2023-01-13,971.09,971.09,968.14,968.14
2023-01-16,969.97,969.97,966.01,966.01
2023-01-17,967.73,967.73,960.11,960.11
2023-01-18,960.76,961.78,960.76,961.78
2023-01-19,959.99,959.99,957.91,957.91
2023-01-20,958.78,958.78,953.55,953.55
2023-01-23,957.42,959.34,957.42,959.34
2023-01-24,957.63,957.63,944.2,944.2
2023-01-25,938.64,938.64,910.27,910.27
2023-01-27,904.8,904.8,846.88,846.88
2023-01-30,856.51,856.51,838.62,838.62
2023-01-31,845.92,857.27,845.92,857.27
2023-02-01,867.58,867.58,794.75,794.75
2023-02-02,798.68,798.68,782.15,782.15
2023-02-03,784.99,796.72,784.99,796.72
2023-02-06,801.02,823.53,801.02,823.53
2023-02-07,826.99,828.79,826.99,828.79
2023-02-08,834.38,852.15,834.38,852.15
2023-02-09,847.54,847.54,842.68,842.68
2023-02-10,839.73,841.92,839.73,841.92
2023-02-13,835.89,835.89,825.52,825.52
2023-02-14,824.56,826.31,824.56,826.31
2023-02-15,827.07,827.71,827.07,827.71
2023-02-16,831.08,831.08,830.0,830.0
2023-02-17,829.7,829.72,829.7,829.72
2023-02-20,826.27,836.33,826.27,836.33
2023-02-21,841.47,841.47,837.55,837.55
2023-02-22,836.39,836.39,809.77,809.77
2023-02-23,806.7,817.4,806.7,817.4
2023-02-24,820.85,822.11,820.85,822.11
2023-02-27,820.72,820.72,818.85,818.85
2023-02-28,820.43,835.1,820.43,835.1
2023-03-01,837.9,843.93,837.9,843.93
2023-03-02,844.8,851.9,844.8,851.9
2023-03-03,872.03,882.85,872.03,882.85
2023-03-06,887.51,887.51,883.6,883.6
2023-03-08,888.42,897.37,888.42,897.37
2023-03-09,899.23,899.23,886.16,886.16
2023-03-10,878.68,882.66,878.68,882.66
2023-03-13,885.99,885.99,873.19,873.19
2023-03-14,871.56,871.56,862.15,862.15
2023-03-15,869.81,883.44,869.81,883.44
2023-03-16,886.25,886.25,881.32,881.32
2023-03-17,887.53,887.53,880.73,880.73
2023-03-20,876.92,876.92,873.35,873.35
2023-03-21,878.32,878.32,872.63,872.63
2023-03-22,877.32,877.32,869.94,869.94
2023-03-23,867.37,867.37,866.47,866.47
2023-03-24,867.5,867.5,852.08,852.08
2023-03-27,851.31,851.31,845.71,845.71
2023-03-28,842.76,842.76,818.74,818.74
2023-03-29,817.92,850.56,817.92,850.56
2023-03-31,854.27,858.48,854.27,858.48
2023-04-03,863.43,863.43,862.24,862.24
2023-04-05,859.72,864.26,859.72,864.26
2023-04-06,864.06,867.5,864.06,867.5
2023-04-10,870.33,871.68,870.33,871.68
2023-04-11,873.26,874.49,873.26,874.49
2023-04-12,876.77,877.96,876.77,877.96
2023-04-13,879.68,879.68,878.65,878.65
2023-04-17,878.6,883.81,878.6,883.81
2023-04-18,881.11,881.14,881.11,881.14
2023-04-19,882.61,882.61,879.22,879.22
2023-04-20,885.7,890.27,885.7,890.27
2023-04-21,892.68,895.03,892.68,895.03
2023-04-24,894.56,898.81,894.56,898.81
2023-04-25,899.56,902.74,899.56,902.74
2023-04-26,902.59,906.65,902.59,906.65
2023-04-27,908.71,908.71,907.86,907.86
2023-04-28,912.72,919.75,912.72,919.75
2023-05-02,922.78,922.78,920.62,920.62
2023-05-03,922.39,924.28,922.39,924.28
2023-05-04,926.29,931.68,926.29,931.68
2023-05-05,933.62,933.62,923.86,923.86
2023-05-08,929.51,939.4,929.51,939.4
2023-05-09,942.59,942.59,940.32,940.32
2023-05-10,943.11,945.72,943.11,945.72
2023-05-11,949.7,951.34,949.7,951.34
2023-05-12,957.83,957.83,944.37,944.37
2023-05-15,943.57,948.38,943.57,948.38
2023-05-16,948.69,948.69,944.03,944.03
2023-05-17,945.46,945.46,941.67,941.67
2023-05-18,947.31,947.31,927.99,927.99
2023-05-19,929.84,935.5,929.84,935.5
2023-05-22,935.94,959.64,935.94,959.64
2023-05-23,968.62,968.62,963.59,963.59
2023-05-24,965.5,965.5,956.5,956.5
2023-05-25,955.99,963.08,955.99,963.08
2023-05-26,965.42,968.42,965.42,968.42
2023-05-29,970.43,970.43,962.45,962.45
2023-05-30,963.3,963.3,962.08,962.08
2023-05-31,961.39,961.39,956.27,956.27
2023-06-01,954.57,954.57,953.71,953.71
2023-06-02,958.23,959.38,958.23,959.38
2023-06-05,963.61,966.82,963.61,966.82
2023-06-06,969.53,970.79,969.53,970.79
2023-06-07,974.9,974.9,974.89,974.89
2023-06-08,978.37,978.37,972.21,972.21
2023-06-09,974.46,974.46,971.6,971.6
2023-06-12,973.0,984.09,973.0,984.09
2023-06-13,983.63,983.63,975.14,975.14
2023-06-14,978.11,981.22,978.11,981.22
2023-06-15,982.36,986.02,982.36,986.02
2023-06-16,990.36,993.68,990.36,993.68
2023-06-19,996.64,996.64,987.75,987.75
2023-06-20,992.12,992.12,983.98,983.98
2023-06-21,987.37,996.6,987.37,996.6
2023-06-22,1007.08,1007.08,988.51,988.51
2023-06-23,986.52,986.52,967.78,967.78
2023-06-26,963.29,977.13,963.29,977.13
2023-06-27,980.04,983.43,980.04,983.43
2023-06-28,986.72,1008.65,986.72,1008.65
2023-06-30,1010.4,1010.4,1002.16,1002.16
2023-07-03,1006.89,1006.89,1004.55,1004.55
2023-07-04,1009.11,1009.11,1005.27,1005.27
2023-07-05,1003.67,1011.52,1003.67,1011.52
2023-07-06,1011.9,1018.1,1011.9,1018.1
2023-07-07,1020.22,1020.22,1002.86,1002.86
2023-07-10,1008.45,1008.45,1007.55,1007.55
2023-07-11,1011.89,1016.49,1011.89,1016.49
2023-07-12,1020.31,1020.31,1015.9,1015.9
2023-07-13,1018.71,1018.71,1008.66,1008.66
2023-07-14,1013.03,1022.29,1013.03,1022.29
2023-07-17,1025.5,1025.5,1025.16,1025.16
2023-07-18,1026.98,1026.98,1017.87,1017.87
2023-07-19,1020.0,1023.08,1020.0,1023.08
2023-07-20,1027.03,1030.25,1027.03,1030.25
2023-07-21,1026.11,1026.11,1016.82,1016.82
2023-07-24,1018.49,1023.58,1018.49,1023.58
2023-07-25,1028.68,1034.42,1028.68,1034.42
2023-07-26,1038.32,1038.32,1030.97,1030.97
2023-07-27,1034.17,1034.17,1028.37,1028.37
2023-07-28,1032.57,1043.5,1032.57,1043.5
2023-07-31,1046.84,1056.07,1046.84,1056.07
2023-08-01,1057.99,1057.99,1048.8,1048.8
2023-08-02,1049.9,1049.9,1041.67,1041.67
2023-08-03,1041.44,1041.44,1039.92,1039.92
2023-08-04,1044.2,1056.14,1044.2,1056.14
2023-08-07,1060.14,1062.32,1060.14,1062.32
2023-08-08,1066.27,1066.27,1061.85,1061.85
2023-08-09,1067.85,1071.84,1067.85,1071.84
2023-08-10,1073.4,1074.51,1073.4,1074.51
2023-08-11,1076.09,1076.09,1069.97,1069.97
2023-08-14,1058.16,1058.16,1056.5,1056.5
2023-08-16,1052.33,1052.33,1046.66,1046.66
2023-08-17,1049.09,1067.38,1049.09,1067.38
2023-08-18,1065.66,1076.1,1065.66,1076.1
2023-08-21,1082.84,1086.53,1082.84,1086.53
2023-08-22,1090.89,1094.05,1090.89,1094.05
2023-08-23,1099.42,1099.42,1088.78,1088.78
2023-08-24,1097.04,1099.4,1097.04,1099.4
2023-08-25,1095.84,1095.84,1082.21,1082.21
2023-08-28,1090.52,1090.52,1085.23,1085.23
2023-08-29,1088.54,1093.55,1088.54,1093.55
2023-08-30,1097.84,1097.84,1094.83,1094.83
2023-08-31,1091.0,1091.0,1085.95,1085.95
2023-09-01,1080.11,1095.47,1080.11,1095.47
2023-09-04,1102.72,1102.72,1100.76,1100.76
2023-09-05,1106.13,1106.13,1102.02,1102.02
2023-09-06,1103.78,1103.78,1101.93,1101.93
2023-09-07,1102.28,1107.2,1102.28,1107.2
2023-09-08,1112.67,1119.45,1112.67,1119.45
2023-09-11,1130.25,1153.34,1130.25,1153.34
2023-09-12,1160.18,1160.18,1114.65,1114.65
2023-09-13,1113.28,1116.14,1113.28,1116.14
2023-09-14,1123.56,1125.16,1123.56,1125.16
2023-09-15,1125.26,1125.26,1119.9,1119.9
2023-09-18,1122.68,1122.68,1109.85,1109.85
2023-09-20,1100.63,1104.8,1100.63,1104.8
2023-09-21,1105.97,1105.97,1105.38,1105.38
2023-09-22,1107.48,1107.48,1100.58,1100.58
2023-09-25,1101.18,1101.18,1097.0,1097.0
2023-09-26,1096.52,1096.74,1096.52,1096.74
2023-09-27,1098.64,1101.04,1098.64,1101.04
2023-09-28,1102.23,1102.23,1090.43,1090.43
2023-09-29,1093.98,1095.26,1093.98,1095.26
2023-10-03,1097.83,1100.65,1097.83,1100.65
2023-10-04,1098.79,1098.79,1091.65,1091.65
2023-10-05,1098.9,1099.21,1098.9,1099.21
2023-10-06,1109.75,1114.41,1109.75,1114.41
2023-10-09,1098.86,1098.86,1080.89,1080.89
2023-10-10,1089.57,1109.25,1089.57,1109.25
2023-10-11,1117.27,1117.27,1110.92,1110.92
2023-10-12,1115.37,1115.37,1111.32,1111.32
2023-10-13,1107.76,1114.65,1107.76,1114.65
2023-10-16,1114.78,1114.78,1109.44,1109.44
2023-10-17,1115.35,1115.35,1111.85,1111.85
2023-10-18,1113.53,1113.53,1103.66,1103.66
2023-10-19,1097.31,1097.31,1095.75,1095.75
2023-10-20,1092.94,1092.94,1084.96,1084.96
2023-10-23,1081.12,1081.12,1056.48,1056.48
2023-10-25,1058.77,1058.77,1057.61,1057.61
2023-10-26,1052.91,1052.91,1047.69,1047.69
2023-10-27,1052.9,1068.2,1052.9,1068.2
2023-10-30,1068.53,1068.57,1068.53,1068.57
2023-10-31,1073.43,1073.43,1062.41,1062.41
2023-11-01,1063.91,1063.91,1044.58,1044.58
2023-11-02,1053.72,1057.62,1053.72,1057.62
2023-11-03,1066.78,1076.23,1066.78,1076.23
2023-11-06,1079.69,1087.84,1079.69,1087.84
2023-11-07,1088.86,1090.23,1088.86,1090.23
2023-11-08,1091.12,1101.65,1091.12,1101.65
2023-11-09,1104.7,1104.7,1091.7,1091.7
2023-11-10,1092.95,1092.95,1092.92,1092.92
2023-11-13,1099.17,1099.17,1095.89,1095.89
2023-11-15,1104.52,1106.39,1104.52,1106.39
2023-11-16,1109.79,1109.79,1109.28,1109.28
2023-11-17,1108.29,1108.29,1107.49,1107.49
2023-11-20,1110.06,1110.06,1103.81,1103.81
2023-11-21,1106.47,1106.47,1104.72,1104.72
2023-11-22,1107.94,1107.94,1091.16,1091.16
2023-11-23,1092.4,1092.4,1091.77,1091.77
2023-11-24,1094.23,1098.2,1094.23,1098.2
2023-11-28,1109.23,1127.26,1109.23,1127.26
2023-11-29,1136.05,1136.05,1131.82,1131.82
2023-11-30,1133.93,1133.93,1131.55,1131.55
2023-12-01,1139.59,1142.19,1139.59,1142.19
2023-12-04,1170.97,1178.84,1170.97,1178.84
2023-12-05,1182.32,1235.74,1182.32,1235.74
2023-12-06,1256.24,1256.24,1235.01,1235.01
2023-12-07,1243.34,1255.9,1243.34,1255.9
2023-12-08,1261.67,1266.34,1261.67,1266.34
2023-12-11,1277.55,1282.32,1277.55,1282.32
2023-12-12,1287.34,1287.34,1281.17,1281.17
2023-12-13,1287.17,1308.19,1287.17,1308.19
2023-12-14,1320.75,1320.75,1312.87,1312.87
2023-12-15,1319.33,1319.33,1305.27,1305.27
2023-12-18,1308.94,1322.92,1308.94,1322.92
2023-12-19,1326.59,1326.59,1311.68,1311.68
2023-12-20,1320.47,1320.47,1255.72,1255.72
2023-12-21,1244.56,1279.53,1244.56,1279.53
2023-12-22,1293.54,1293.54,1286.68,1286.68
2023-12-26,1294.12,1294.12,1291.05,1291.05
2023-12-27,1297.33,1297.33,1284.37,1284.37
2023-12-28,1291.74,1292.21,1291.74,1292.21
2023-12-29,1295.97,1312.81,1295.97,1312.81
2024-01-01,1319.59,1322.65,1319.59,1322.65
2024-01-02,1325.55,1337.15,1325.55,1337.15
2024-01-03,1351.52,1359.57,1351.52,1359.57
2024-01-04,1374.59,1386.69,1374.59,1386.69
2024-01-05,1393.93,1393.93,1392.55,1392.55
2024-01-08,1388.71,1399.93,1388.71,1399.93
2024-01-09,1411.92,1411.92,1411.1,1411.1
2024-01-10,1422.85,1438.9,1422.85,1438.9
2024-01-11,1447.08,1447.08,1429.24,1429.24
2024-01-12,1436.81,1436.81,1426.26,1426.26
2024-01-15,1432.23,1432.23,1427.31,1427.31
2024-01-16,1426.04,1426.04,1416.71,1416.71
2024-01-17,1403.69,1403.69,1392.63,1392.63
2024-01-18,1390.84,1390.84,1384.27,1384.27
2024-01-19,1391.37,1391.37,1380.42,1380.42
2024-01-23,1410.54,1410.54,1338.2,1338.2
2024-01-24,1342.29,1342.29,1338.99,1338.99
2024-01-25,1341.33,1349.77,1341.33,1349.77
2024-01-29,1363.39,1395.28,1363.39,1395.28
2024-01-30,1402.84,1402.84,1392.99,1392.99
2024-01-31,1399.97,1418.79,1399.97,1418.79
2024-02-01,1420.25,1447.81,1420.25,1447.81
2024-02-02,1464.46,1485.43,1464.46,1485.43
2024-02-05,1500.02,1500.02,1487.72,1487.72
2024-02-06,1498.07,1499.99,1498.07,1499.99
2024-02-07,1508.95,1508.95,1495.56,1495.56
2024-02-08,1504.7,1504.7,1490.61,1490.61
2024-02-09,1497.8,1497.8,1486.02,1486.02
2024-02-12,1493.6,1493.6,1448.25,1448.25
2024-02-13,1457.32,1472.98,1457.32,1472.98
2024-02-14,1465.7,1483.67,1465.7,1483.67
2024-02-15,1493.55,1493.55,1493.16,1493.16
2024-02-16,1500.72,1512.44,1500.72,1512.44
2024-02-19,1521.76,1531.67,1521.76,1531.67
2024-02-20,1535.25,1535.25,1531.82,1531.82
2024-02-21,1536.71,1536.71,1511.69,1511.69
2024-02-22,1519.08,1527.22,1519.08,1527.22
2024-02-23,1532.36,1535.18,1532.36,1535.18
2024-02-26,1538.96,1538.96,1538.76,1538.76
2024-02-27,1539.36,1539.36,1532.4,1532.4
2024-02-28,1543.48,1543.48,1507.46,1507.46
2024-02-29,1509.03,1527.19,1509.03,1527.19
2024-03-01,1537.07,1537.07,1528.3,1528.3
2024-03-04,1545.79,1545.79,1539.34,1539.34
2024-03-05,1541.84,1541.84,1538.27,1538.27
2024-03-06,1540.82,1540.82,1509.02,1509.02
2024-03-07,1514.33,1516.65,1514.33,1516.65
2024-03-11,1518.1,1518.1,1513.72,1513.72
2024-03-12,1516.64,1516.64,1488.61,1488.61
2024-03-13,1488.55,1488.55,1396.4,1396.4
2024-03-14,1397.62,1448.9,1397.62,1448.9
2024-03-15,1448.93,1456.17,1448.93,1456.17
2024-03-18,1441.66,1452.07,1441.66,1452.07
2024-03-19,1455.25,1455.25,1431.29,1431.29
2024-03-20,1438.43,1438.43,1435.99,1435.99
2024-03-21,1454.34,1465.93,1454.34,1465.93
2024-03-22,1468.26,1477.65,1468.26,1477.65
2024-03-26,1479.56,1501.51,1479.56,1501.51
2024-03-27,1516.04,1518.73,1516.04,1518.73
2024-03-28,1528.37,1528.62,1528.37,1528.62
2024-04-01,1544.43,1555.85,1544.43,1555.85
2024-04-02,1569.26,1575.61,1569.26,1575.61
2024-04-03,1570.34,1570.34,1565.87,1565.87
2024-04-04,1577.04,1577.04,1557.09,1557.09
2024-04-05,1560.7,1570.92,1560.7,1570.92
2024-04-08,1580.51,1580.51,1555.55,1555.55
2024-04-09,1563.54,1563.54,1556.58,1556.58
2024-04-10,1564.28,1578.61,1564.28,1578.61
2024-04-12,1579.42,1579.42,1564.04,1564.04
2024-04-15,1539.57,1539.57,1527.06,1527.06
2024-04-16,1516.97,1525.36,1516.97,1525.36
2024-04-18,1539.79,1539.79,1518.36,1518.36
2024-04-19,1495.33,1524.72,1495.33,1524.72
2024-04-22,1541.02,1547.0,1541.02,1547.0
2024-04-23,1548.8,1549.69,1548.8,1549.69
2024-04-24,1563.14,1563.14,1559.78,1559.78
2024-04-25,1564.22,1589.44,1564.22,1589.44
2024-04-26,1602.67,1620.54,1602.67,1620.54
2024-04-29,1636.59,1636.59,1601.8,1601.8
2024-04-30,1609.91,1609.91,1599.07,1599.07
2024-05-02,1610.29,1626.03,1610.29,1626.03
2024-05-03,1642.16,1642.16,1609.9,1609.9
2024-05-06,1616.25,1616.25,1579.35,1579.35
2024-05-07,1580.49,1580.49,1554.43,1554.43
2024-05-08,1558.81,1570.92,1558.81,1570.92
2024-05-09,1572.34,1572.34,1537.79,1537.79
2024-05-10,1543.64,1555.34,1543.64,1555.34
2024-05-13,1558.24,1583.95,1558.24,1583.95
2024-05-14,1590.64,1611.6,1590.64,1611.6
2024-05-15,1618.4,1625.25,1618.4,1625.25
2024-05-16,1633.77,1633.77,1630.58,1630.58
2024-05-17,1626.58,1651.24,1626.58,1651.24
2024-05-21,1654.01,1654.01,1644.95,1644.95
2024-05-22,1655.2,1655.2,1651.93,1651.93
2024-05-23,1659.64,1688.98,1659.64,1688.98
2024-05-24,1694.96,1694.96,1664.52,1664.52
2024-05-27,1684.38,1684.38,1676.43,1676.43
2024-05-28,1680.19,1680.19,1653.57,1653.57
2024-05-29,1653.97,1653.97,1642.7,1642.7
2024-05-30,1645.96,1645.96,1615.95,1615.95
2024-05-31,1628.03,1650.52,1628.03,1650.52
2024-06-03,1740.1,1753.49,1740.1,1753.49
2024-06-04,1745.92,1745.92,1498.49,1498.49
2024-06-05,1527.19,1597.06,1527.19,1597.06
2024-06-06,1618.66,1618.66,1616.69,1616.69
2024-06-07,1623.43,1646.27,1623.43,1646.27
2024-06-10,1664.25,1668.04,1664.25,1668.04
2024-06-11,1663.72,1675.15,1663.72,1675.15
2024-06-12,1687.6,1687.6,1675.45,1675.45
2024-06-13,1691.03,1691.03,1689.3,1689.3
2024-06-14,1700.22,1714.07,1700.22,1714.07
2024-06-18,1728.1,1731.54,1728.1,1731.54
2024-06-19,1735.63,1735.63,1717.36,1717.36
2024-06-20,1724.91,1724.91,1721.93,1721.93
2024-06-21,1730.02,1736.22,1730.02,1736.22
2024-06-24,1726.36,1726.36,1717.28,1717.28
2024-06-25,1726.66,1726.66,1705.17,1705.17
2024-06-26,1708.68,1717.86,1708.68,1717.86
2024-06-27,1722.33,1727.04,1722.33,1727.04
2024-06-28,1728.27,1728.27,1720.61,1720.61
2024-07-01,1725.84,1725.84,1724.27,1724.27
2024-07-02,1728.33,1728.33,1719.9,1719.9
2024-07-03,1728.59,1742.39,1728.59,1742.39
2024-07-04,1746.84,1746.84,1743.62,1743.62
2024-07-05,1747.91,1748.55,1747.91,1748.55
2024-07-08,1750.57,1750.57,1737.05,1737.05
2024-07-09,1742.07,1743.74,1742.07,1743.74
2024-07-10,1754.41,1754.41,1740.59,1740.59
2024-07-11,1750.28,1755.44,1750.28,1755.44
2024-07-12,1764.92,1764.92,1754.73,1754.73
2024-07-15,1760.57,1760.57,1760.06,1760.06
2024-07-16,1768.59,1768.59,1761.83,1761.83
2024-07-18,1759.46,1759.46,1749.47,1749.47
2024-07-19,1744.5,1744.5,1702.93,1702.93
2024-07-22,1703.29,1722.15,1703.29,1722.15
2024-07-23,1728.37,1733.29,1728.37,1733.29
2024-07-24,1732.42,1734.86,1732.42,1734.86
2024-07-25,1719.98,1735.74,1719.98,1735.74
2024-07-26,1741.4,1782.46,1741.4,1782.46
2024-07-29,1788.97,1788.97,1788.4,1788.4
2024-07-30,1796.63,1796.63,1796.1,1796.1
2024-07-31,1809.1,1809.1,1808.83,1808.83
2024-08-01,1813.17,1813.17,1809.44,1809.44
2024-08-02,1787.68,1791.03,1787.68,1791.03
2024-08-05,1746.91,1746.91,1710.12,1710.12
2024-08-06,1739.96,1739.96,1714.07,1714.07
2024-08-07,1745.93,1761.59,1745.93,1761.59
2024-08-08,1760.34,1760.34,1748.63,1748.63
2024-08-09,1769.64,1769.64,1751.31,1751.31
2024-08-12,1735.0,1736.39,1735.0,1736.39
2024-08-13,1741.36,1741.36,1717.58,1717.58
2024-08-14,1720.78,1720.78,1702.09,1702.09
2024-08-16,1716.7,1736.56,1716.7,1736.56
2024-08-19,1749.38,1749.38,1739.63,1739.63
2024-08-20,1747.99,1747.99,1744.84,1744.84
2024-08-21,1748.61,1748.61,1748.25,1748.25
2024-08-22,1763.61,1763.61,1756.63,1756.63
2024-08-23,1759.38,1778.52,1759.38,1778.52
2024-08-26,1784.06,1784.06,1775.21,1775.21
2024-08-28,1781.76,1781.76,1776.55,1776.55
2024-08-29,1766.41,1766.41,1763.63,1763.63
2024-08-30,1772.03,1775.56,1772.03,1775.56
2024-09-02,1788.81,1788.81,1771.79,1771.79
2024-09-03,1774.55,1775.66,1774.55,1775.66
2024-09-04,1768.55,1768.55,1767.06,1767.06
2024-09-05,1774.57,1774.57,1768.95,1768.95
2024-09-06,1773.91,1773.91,1735.73,1735.73
2024-09-09,1729.14,1733.3,1729.14,1733.3
2024-09-10,1742.12,1749.7,1742.12,1749.7
2024-09-11,1757.33,1757.33,1745.4,1745.4
2024-09-12,1763.26,1778.54,1763.26,1778.54
2024-09-13,1783.36,1783.36,1770.56,1770.56
2024-09-16,1779.69,1779.69,1769.62,1769.62
2024-09-17,1774.38,1774.38,1763.84,1763.84
2024-09-18,1765.42,1765.42,1754.11,1754.11
2024-09-19,1759.15,1759.15,1730.81,1730.81
2024-09-20,1734.41,1752.2,1734.41,1752.2
2024-09-23,1762.33,1765.83,1762.33,1765.83
2024-09-24,1769.23,1769.23,1757.69,1757.69
2024-09-25,1758.48,1758.48,1749.17,1749.17
2024-09-26,1752.07,1764.37,1752.07,1764.37
2024-09-27,1775.7,1775.7,1769.42,1769.42
2024-09-30,1766.8,1766.8,1746.79,1746.79
2024-10-01,1751.97,1765.67,1751.97,1765.67
2024-10-03,1741.96,1741.96,1710.15,1710.15
2024-10-04,1702.37,1702.37,1692.16,1692.16
2024-10-07,1693.07,1693.07,1638.83,1638.83
2024-10-08,1635.43,1695.0,1635.43,1695.0
2024-10-09,1708.84,1708.84,1703.1,1703.1
2024-10-10,1714.88,1714.88,1700.07,1700.07
2024-10-11,1699.85,1699.85,1699.7,1699.7
2024-10-14,1703.2,1703.2,1700.41,1700.41
2024-10-15,1713.97,1713.97,1712.25,1712.25
2024-10-16,1709.74,1709.74,1702.2,1702.2
2024-10-17,1705.2,1705.2,1676.8,1676.8
2024-10-18,1669.4,1679.93,1669.4,1679.93
2024-10-21,1685.31,1685.31,1644.3,1644.3
2024-10-22,1646.49,1646.49,1617.76,1617.76
2024-10-23,1615.45,1615.45,1603.14,1603.14
2024-10-24,1610.47,1610.47,1607.15,1607.15
2024-10-25,1607.18,1607.18,1561.17,1561.17
2024-10-28,1551.46,1551.46,1534.11,1534.11
2024-10-29,1545.95,1554.66,1545.95,1554.66
2024-10-31,1584.67,1584.67,1570.66,1570.66
2024-11-01,1576.93,1584.85,1576.93,1584.85
2024-11-04,1584.89,1584.89,1544.68,1544.68
2024-11-06,1540.6,1573.67,1540.6,1573.67
2024-11-07,1576.09,1576.09,1556.94,1556.94
2024-11-08,1551.23,1551.23,1546.3,1546.3
2024-11-11,1542.23,1542.23,1539.75,1539.75
2024-11-12,1541.42,1541.42,1508.71,1508.71
2024-11-13,1502.41,1502.41,1470.25,1470.25
2024-11-14,1472.78,1472.78,1467.61,1467.61
2024-11-18,1478.05,1481.11,1478.05,1481.11
2024-11-19,1493.67,1504.26,1493.67,1504.26
2024-11-21,1451.47,1451.47,1426.67,1426.67
2024-11-22,1413.47,1454.84,1413.47,1454.84
2024-11-25,1491.64,1491.64,1482.07,1482.07
2024-11-26,1485.9,1485.9,1462.87,1462.87
2024-11-27,1454.85,1504.84,1454.85,1504.84
2024-11-28,1508.51,1508.51,1502.92,1502.92
2024-11-29,1506.04,1514.73,1506.04,1514.73
2024-12-02,1518.18,1527.89,1518.18,1527.89
2024-12-03,1537.32,1565.34,1537.32,1565.34
2024-12-04,1573.77,1573.77,1554.29,1554.29
2024-12-05,1557.65,1557.65,1554.12,1554.12
2024-12-06,1558.25,1567.03,1558.25,1567.03
2024-12-09,1566.51,1586.12,1566.51,1586.12
2024-12-10,1588.36,1588.36,1575.41,1575.41
2024-12-11,1575.75,1575.75,1570.04,1570.04
2024-12-12,1566.85,1566.99,1566.85,1566.99
2024-12-13,1562.67,1571.85,1562.67,1571.85
2024-12-16,1572.34,1572.34,1561.31,1561.31
2024-12-17,1562.7,1562.7,1546.11,1546.11
2024-12-18,1548.19,1548.19,1527.51,1527.51
2024-12-19,1492.86,1519.23,1492.86,1519.23
2024-12-20,1525.45,1525.45,1490.98,1490.98
2024-12-23,1503.87,1503.87,1502.66,1502.66
2024-12-24,1510.3,1514.86,1510.3,1514.86
2024-12-26,1521.34,1549.8,1521.34,1549.8
2024-12-27,1554.41,1554.41,1543.17,1543.17
2024-12-30,1543.88,1543.88,1520.56,1520.56
2024-12-31,1520.41,1526.84,1520.41,1526.84
2025-01-01,1499.17,1499.99,1499.17,1499.99
2025-01-02,1504.67,1504.67,1500.34,1500.34
2025-01-03,1505.88,1505.88,1479.11,1479.11
2025-01-06,1480.74,1480.74,1429.33,1429.33
2025-01-07,1433.81,1442.08,1433.81,1442.08
2025-01-08,1448.79,1448.79,1424.01,1424.01
2025-01-09,1428.7,1428.7,1413.32,1413.32
2025-01-10,1413.55,1413.55,1394.04,1394.04
2025-01-13,1371.81,1371.81,1329.1,1329.1
2025-01-14,1332.14,1362.26,1332.14,1362.26
2025-01-15,1374.36,1376.29,1374.36,1376.29
2025-01-16,1404.16,1404.16,1402.36,1402.36
2025-01-17,1405.8,1408.19,1405.8,1408.19
2025-01-20,1417.34,1417.34,1409.97,1409.97
2025-01-21,1412.95,1412.95,1366.28,1366.28
2025-01-22,1373.38,1373.38,1357.63,1357.63
2025-01-23,1356.38,1376.44,1356.38,1376.44
2025-01-24,1380.25,1380.25,1363.28,1363.28
2025-01-27,1352.32,1352.32,1348.14,1348.14
2025-01-28,1355.13,1357.41,1355.13,1357.41
2025-01-29,1364.37,1375.88,1364.37,1375.88
2025-01-30,1381.11,1381.11,1362.46,1362.46
2025-01-31,1362.65,1390.22,1362.65,1390.22
2025-02-01,1396.93,1400.74,1396.93,1400.74
2025-02-03,1396.81,1396.81,1381.51,1381.51
2025-02-04,1391.07,1397.65,1391.07,1397.65
2025-02-05,1401.79,1414.95,1401.79,1414.95
2025-02-06,1430.14,1430.14,1414.78,1414.78
2025-02-07,1418.64,1418.64,1401.53,1401.53
2025-02-10,1402.36,1402.36,1384.23,1384.23
2025-02-11,1383.66,1383.66,1365.01,1365.01
2025-02-12,1362.66,1362.66,1357.05,1357.05
2025-02-13,1360.86,1360.86,1358.13,1358.13
2025-02-14,1362.2,1362.2,1307.87,1307.87
2025-02-17,1298.74,1327.57,1298.74,1327.57
2025-02-18,1329.56,1330.34,1329.56,1330.34
2025-02-19,1318.54,1341.33,1318.54,1341.33
2025-02-20,1337.35,1367.12,1337.35,1367.12
2025-02-21,1365.8,1365.8,1355.5,1355.5
2025-02-24,1350.0,1350.0,1348.69,1348.69
2025-02-25,1349.88,1349.88,1336.67,1336.67
2025-02-27,1339.4,1339.4,1329.73,1329.73
2025-02-28,1327.19,1327.19,1318.44,1318.44
2025-03-03,1323.69,1323.69,1313.06,1313.06
2025-03-04,1304.79,1328.8,1304.79,1328.8
2025-03-05,1329.5,1378.0,1329.5,1378.0
2025-03-06,1388.3,1399.22,1388.3,1399.22
2025-03-07,1401.58,1401.58,1389.26,1389.26
2025-03-10,1391.93,1391.93,1376.81,1376.81
2025-03-11,1367.34,1380.72,1367.34,1380.72
2025-03-12,1385.75,1385.75,1380.18,1380.18
2025-03-13,1386.53,1386.53,1375.21,1375.21
2025-03-17,1374.76,1390.27,1374.76,1390.27
2025-03-18,1390.58,1390.88,1390.58,1390.88
2025-03-19,1414.63,1450.01,1414.63,1450.01
2025-03-20,1463.49,1463.49,1463.49,1463.49
2025-03-21,1465.33,1470.7,1465.33,1470.7
2025-03-24,1478.35,1478.35,1473.3,1473.3
2025-03-25,1483.49,1483.49,1462.87,1462.87
2025-03-26,1465.48,1465.48,1460.1,1460.1
2025-03-27,1454.09,1478.98,1454.09,1478.98
2025-03-28,1482.77,1482.77,1470.65,1470.65
2025-04-01,1468.94,1468.94,1464.92,1464.92
2025-04-02,1468.04,1480.97,1468.04,1480.97
2025-04-03,1459.52,1486.46,1459.52,1486.46
2025-04-04,1489.09,1489.09,1461.58,1461.58
2025-04-07,1355.89,1429.37,1355.89,1429.37
2025-04-08,1463.15,1463.15,1456.44,1456.44
2025-04-09,1456.49,1460.34,1456.49,1460.34
2025-04-11,1483.77,1483.77,1473.48,1473.48
2025-04-15,1510.81,1511.75,1510.81,1511.75
2025-04-16,1513.15,1522.05,1513.15,1522.05
2025-04-17,1521.42,1552.1,1521.42,1552.1
2025-04-21,1558.87,1568.91,1558.87,1568.91
2025-04-22,1574.57,1574.57,1567.99,1567.99
2025-04-23,1575.42,1580.12,1575.42,1580.12
2025-04-24,1579.96,1579.96,1576.07,1576.07
2025-04-25,1574.4,1574.4,1525.5,1525.5
2025-04-28,1517.46,1540.81,1517.46,1540.81
2025-04-29,1547.62,1547.62,1540.99,1540.99
2025-04-30,1539.51,1539.51,1528.51,1528.51
2025-05-02,1543.91,1555.39,1543.91,1555.39
2025-05-05,1577.83,1616.24,1577.83,1616.24
2025-05-06,1619.81,1619.81,1575.14,1575.14
2025-05-07,1545.97,1582.35,1545.97,1582.35
2025-05-08,1585.65,1585.65,1556.03,1556.03
2025-05-09,1513.2,1537.37,1513.2,1537.37
2025-05-12,1604.68,1619.67,1604.68,1619.67
2025-05-13,1622.07,1629.26,1622.07,1629.26
2025-05-14,1636.44,1636.44,1628.59,1628.59
2025-05-15,1630.18,1660.26,1630.18,1660.26
2025-05-16,1667.04,1667.34,1667.04,1667.34
2025-05-19,1675.34,1675.34,1673.76,1673.76
2025-05-20,1679.16,1679.16,1646.26,1646.26
2025-05-21,1645.09,1649.87,1645.09,1649.87
2025-05-22,1648.54,1652.8,1648.54,1652.8
2025-05-23,1658.66,1659.98,1658.66,1659.98
2025-05-26,1664.24,1664.24,1658.93,1658.93
2025-05-27,1642.98,1652.69,1642.98,1652.69
2025-05-28,1658.51,1658.51,1655.27,1655.27
2025-05-29,1660.87,1666.73,1660.87,1666.73
2025-05-30,1668.45,1668.45,1660.72,1660.72
2025-06-02,1663.07,1681.87,1663.07,1681.87
2025-06-03,1686.03,1686.03,1674.07,1674.07
2025-06-04,1674.5,1680.52,1674.5,1680.52
2025-06-05,1691.04,1699.34,1691.04,1699.34
2025-06-06,1700.98,1706.76,1700.98,1706.76
2025-06-09,1716.49,1730.84,1716.49,1730.84
2025-06-10,1735.33,1735.33,1718.56,1718.56
2025-06-11,1720.14,1720.14,1711.7,1711.7
2025-06-12,1709.84,1709.84,1679.82,1679.82
2025-06-13,1626.76,1641.87,1626.76,1641.87
2025-06-16,1639.41,1660.69,1639.41,1660.69
2025-06-17,1660.72,1660.72,1642.35,1642.35
2025-06-18,1641.71,1641.71,1631.3,1631.3
2025-06-19,1631.57,1631.57,1605.25,1605.25
2025-06-20,1602.62,1625.17,1602.62,1625.17
2025-06-23,1613.1,1639.27,1613.1,1639.27
2025-06-24,1675.53,1677.91,1675.53,1677.91
2025-06-25,1693.69,1693.69,1690.73,1690.73
2025-06-26,1701.2,1711.72,1701.2,1711.72
2025-06-27,1717.05,1727.66,1717.05,1727.66
2025-06-30,1731.19,1748.69,1731.19,1748.69
2025-07-01,1749.08,1749.08,1747.57,1747.57
2025-07-02,1746.13,1750.35,1746.13,1750.35
2025-07-03,1754.01,1754.01,1725.74,1725.74
2025-07-04,1729.43,1729.43,1726.25,1726.25
2025-07-07,1727.39,1731.31,1727.39,1731.31
2025-07-08,1733.29,1749.47,1733.29,1749.47
2025-07-09,1752.7,1763.76,1752.7,1763.76
2025-07-10,1772.96,1772.96,1760.98,1760.98
2025-07-11,1763.45,1763.45,1758.08,1758.08
2025-07-14,1757.57,1761.94,1757.57,1761.94
2025-07-15,1763.84,1770.11,1763.84,1770.11
2025-07-16,1770.62,1782.42,1770.62,1782.42
2025-07-17,1781.17,1781.17,1766.65,1766.65
2025-07-18,1770.01,1770.01,1767.83,1767.83
2025-07-21,1772.07,1774.56,1772.07,1774.56
2025-07-22,1780.97,1780.97,1767.86,1767.86
2025-07-23,1770.29,1770.29,1766.3,1766.3
2025-07-24,1761.72,1761.72,1754.91,1754.91
2025-07-25,1749.57,1749.57,1734.12,1734.12
2025-07-28,1728.85,1728.85,1717.83,1717.83
2025-07-29,1712.94,1725.73,1712.94,1725.73
2025-07-30,1734.14,1734.14,1714.07,1714.07
2025-07-31,1690.84,1728.44,1690.84,1728.44
2025-08-01,1723.34,1723.34,1703.26,1703.26
2025-08-04,1710.44,1736.4,1710.44,1736.4
2025-08-05,1735.91,1735.91,1725.84,1725.84
2025-08-06,1737.27,1738.09,1737.27,1738.09
2025-08-07,1729.41,1729.41,1726.2,1726.2
2025-08-08,1725.71,1725.71,1705.97,1705.97
2025-08-11,1703.76,1724.17,1703.76,1724.17
2025-08-12,1719.6,1722.76,1719.6,1722.76
2025-08-13,1722.32,1728.04,1722.32,1728.04
2025-08-14,1731.28,1731.28,1725.08,1725.08
2025-08-18,1738.94,1749.06,1738.94,1749.06
2025-08-19,1750.48,1768.12,1750.48,1768.12
2025-08-20,1768.64,1780.08,1768.64,1780.08
2025-08-21,1775.18,1775.18,1768.9,1768.9
2025-08-22,1771.86,1771.86,1760.69,1760.69
2025-08-25,1767.8,1767.8,1762.69,1762.69
2025-08-26,1757.2,1757.2,1741.11,1741.11
2025-08-28,1721.88,1721.88,1697.04,1697.04
2025-08-29,1696.06,1696.06,1686.31,1686.31
2025-09-01,1687.48,1705.89,1687.48,1705.89
2025-09-02,1710.57,1710.57,1705.35,1705.35
2025-09-03,1705.96,1714.65,1705.96,1714.65
2025-09-04,1725.05,1725.05,1702.83,1702.83
2025-09-05,1703.49,1703.49,1695.05,1695.05
2025-09-08,1697.99,1711.7,1697.99,1711.7
2025-09-09,1712.09,1718.3,1712.09,1718.3
2025-09-10,1731.91,1731.91,1721.52,1721.52
2025-09-11,1722.08,1731.74,1722.08,1731.74
2025-09-12,1739.5,1740.39,1739.5,1740.39
2025-09-15,1743.69,1746.13,1743.69,1746.13
2025-09-16,1746.13,1763.55,1746.13,1763.55
2025-09-17,1768.03,1768.03,1765.32,1765.32
2025-09-18,1768.36,1768.36,1764.53,1764.53
2025-09-19,1782.24,1782.24,1765.08,1765.08
2025-09-22,1769.91,1771.41,1769.91,1771.41
2025-09-23,1777.77,1777.77,1763.34,1763.34
2025-09-24,1765.95,1765.95,1748.55,1748.55
2025-09-25,1749.72,1749.72,1737.66,1737.66
2025-09-26,1736.69,1736.69,1708.26,1708.26
2025-09-29,1710.75,1717.67,1710.75,1717.67
2025-09-30,1704.05,1717.59,1704.05,1717.59
2025-10-01,1716.08,1725.44,1716.08,1725.44
2025-10-03,1721.71,1735.37,1721.71,1735.37
2025-10-06,1737.64,1738.37,1737.64,1738.37
2025-10-07,1737.46,1737.46,1736.44,1736.44
2025-10-08,1734.3,1734.3,1727.58,1727.58
2025-10-09,1730.54,1749.11,1730.54,1749.11
2025-10-10,1751.06,1755.53,1751.06,1755.53
2025-10-13,1752.55,1773.68,1752.55,1773.68
2025-10-14,1775.59,1775.59,1761.93,1761.93
2025-10-15,1765.18,1781.59,1765.18,1781.59
2025-10-16,1786.86,1792.4,1786.86,1792.4
2025-10-17,1791.94,1791.94,1790.59,1790.59
2025-10-20,1797.86,1802.07,1797.86,1802.07
2025-10-21,1812.17,1812.17,1806.64,1806.64
2025-10-23,1811.43,1811.43,1781.78,1781.78
2025-10-24,1787.06,1787.06,1767.7,1767.7
2025-10-27,1773.36,1774.54,1773.36,1774.54
2025-10-28,1773.52,1773.52,1770.91,1770.91
2025-10-29,1774.15,1794.0,1774.15,1794.0
2025-10-30,1796.91,1796.91,1785.47,1785.47
2025-10-31,1787.6,1787.6,1767.15,1767.15
2025-11-03,1767.89,1773.48,1767.89,1773.48
2025-11-04,1776.49,1776.49,1769.2,1769.2
2025-11-06,1780.42,1780.42,1751.92,1751.92
2025-11-07,1747.7,1747.7,1744.4,1744.4
2025-11-10,1748.47,1748.47,1741.7,1741.7
2025-11-11,1749.81,1777.91,1749.81,1777.91
2025-11-12,1782.65,1798.22,1782.65,1798.22
2025-11-14,1808.85,1811.82,1808.85,1811.82
2025-11-17,1816.73,1816.73,1809.63,1809.63
2025-11-18,1815.12,1815.12,1798.96,1798.96
2025-11-19,1798.85,1798.85,1791.74,1791.74
2025-11-20,1799.51,1799.51,1793.74,1793.74
2025-11-21,1794.18,1794.18,1791.88,1791.88
2025-11-24,1805.53,1805.53,1786.55,1786.55
2025-11-25,1787.04,1787.04,1782.78,1782.78
2025-11-26,1787.41,1818.33,1787.41,1818.33
2025-11-27,1821.54,1821.54,1820.81,1820.81
2025-11-28,1821.07,1824.91,1821.07,1824.91
2025-12-01,1832.56,1832.56,1815.15,1815.15
2025-12-02,1813.01,1813.01,1793.44,1793.44
2025-12-03,1791.55,1791.55,1770.58,1770.58
2025-12-04,1761.09,1761.09,1752.46,1752.46
2025-12-05,1747.28,1747.28,1745.03,1745.03
2025-12-08,1716.08,1716.08,1669.68,1669.68
2025-12-09,1663.01,1692.1,1663.01,1692.1
2025-12-10,1697.35,1697.35,1668.44,1668.44
2025-12-11,1650.41,1675.86,1650.41,1675.86
2025-12-12,1682.24,1700.99,1682.24,1700.99
2025-12-15,1705.09,1707.79,1705.09,1707.79
2025-12-16,1711.42,1711.42,1697.3,1697.3
2025-12-17,1697.17,1697.17,1686.93,1686.93
2025-12-18,1685.54,1707.41,1685.54,1707.41
2025-12-19,1708.53,1714.78,1708.53,1714.78
2025-12-22,1712.35,1723.37,1712.35,1723.37
2025-12-23,1724.98,1726.01,1724.98,1726.01
2025-12-24,1730.83,1730.83,1714.14,1714.14
2025-12-26,1716.27,1716.27,1708.83,1708.83
2025-12-29,1709.43,1709.43,1696.37,1696.37
2025-12-30,1692.73,1692.73,1692.39,1692.39
2025-12-31,1694.65,1706.56,1694.65,1706.56
2026-01-01,1710.68,1715.54,1710.68,1715.54
2026-01-02,1717.23,1723.67,1717.23,1723.67
2026-01-05,1724.47,1726.23,1724.47,1726.23
2026-01-06,1725.9,1725.9,1704.51,1704.51
2026-01-07,1702.62,1702.62,1700.09,1700.09
2026-01-08,1701.65,1701.65,1682.92,1682.92
2026-01-09,1681.62,1681.62,1653.66,1653.66
2026-01-12,1648.3,1651.99,1648.3,1651.99
2026-01-13,1653.05,1653.05,1638.18,1638.18
2026-01-14,1632.9,1639.26,1632.9,1639.26
2026-01-16,1635.7,1635.7,1634.25,1634.25
2026-01-19,1636.69,1648.78,1636.69,1648.78
2026-01-20,1651.82,1651.82,1598.28,1598.28
2026-01-21,1598.61,1601.85,1598.61,1601.85
2026-01-22,1619.74,1627.46,1619.74,1627.46
2026-01-23,1626.92,1626.92,1551.93,1551.93
2026-01-27,1562.04,1589.84,1562.04,1589.84
2026-01-28,1595.41,1606.12,1595.41,1606.12
2026-01-29,1607.15,1607.64,1607.15,1607.64
2026-01-30,1599.45,1610.68,1599.45,1610.68
2026-02-02,1584.5,1621.57,1584.5,1621.57
2026-02-03,1695.5,1710.36,1695.5,1710.36
2026-02-04,1709.1,1733.64,1709.1,1733.64
2026-02-05,1721.05,1727.59,1721.05,1727.59
2026-02-06,1720.51,1720.51,1714.55,1714.55
2026-02-09,1728.44,1733.39,1728.44,1733.39
2026-02-10,1733.44,1733.44,1732.86,1732.86
2026-02-11,1736.03,1736.03,1732.51,1732.51
2026-02-12,1725.76,1725.76,1724.87,1724.87
2026-02-13,1717.8,1717.8,1697.55,1697.55
2026-02-16,1698.5,1718.67,1698.5,1718.67
2026-02-17,1723.14,1737.86,1723.14,1737.86
2026-02-18,1739.19,1739.19,1731.54,1731.54
2026-02-19,1728.2,1728.2,1692.47,1692.47
2026-02-20,1688.56,1696.97,1688.56,1696.97
2026-02-23,1700.76,1720.46,1700.76,1720.46
2026-02-24,1714.02,1721.17,1714.02,1721.17
2026-02-25,1729.82,1729.82,1724.99,1724.99
2026-02-26,1731.5,1732.11,1731.5,1732.11
2026-02-27,1724.02,1724.02,1701.05,1701.05
2026-03-02,1619.19,1633.34,1619.19,1633.34
2026-03-04,1596.41,1596.41,1594.68,1594.68
2026-03-05,1602.61,1649.02,1602.61,1649.02
2026-03-06,1633.34,1633.34,1624.62,1624.62
2026-03-09,1564.54,1568.7,1564.54,1568.7
2026-03-10,1605.35,1605.35,1600.96,1600.96
2026-03-11,1600.98,1600.98,1586.31,1586.31
2026-03-12,1569.56,1569.56,1566.77,1566.77
2026-03-13,1561.59,1561.59,1529.92,1529.92
2026-03-16,1522.02,1536.97,1522.02,1536.97
2026-03-17,1544.69,1545.48,1544.69,1545.48
2026-03-18,1547.61,1582.2,1547.61,1582.2
2026-03-19,1561.39,1561.39,1527.35,1527.35
2026-03-20,1537.59,1539.42,1537.59,1539.42
2026-03-23,1520.31,1520.31,1466.79,1466.79
2026-03-24,1510.22,1521.6,1510.22,1521.6
2026-03-25,1539.23,1559.57,1539.23,1559.57
2026-03-27,1550.68,1550.68,1517.97,1517.97
2026-03-30,1497.74,1497.74,1473.82,1473.82
2026-04-01,1515.87,1548.13,1515.87,1548.13
2026-04-02,1517.61,1540.57,1517.61,1540.57
2026-04-06,1540.82,1567.82,1540.82,1567.82
2026-04-07,1550.96,1560.07,1550.96,1560.07
2026-04-08,1645.92,1647.58,1645.92,1647.58
2026-04-09,1635.84,1635.84,1628.72,1628.72
2026-04-10,1634.85,1654.28,1634.85,1654.28
2026-04-13,1595.84,1630.54,1595.84,1630.54
2026-04-15,1669.88,1683.9,1669.88,1683.9
2026-04-16,1700.63,1700.63,1696.75,1696.75
2026-04-17,1704.11,1715.87,1704.11,1715.87
2026-04-20,1718.61,1722.74,1718.61,1722.74
2026-04-21,1724.36,1734.33,1724.36,1734.33
2026-04-22,1729.53,1729.53,1725.3,1725.3
2026-04-23,1708.6,1709.43,1708.6,1709.43
2026-04-24,1712.33,1712.33,1693.91,1693.91
2026-04-27,1703.18,1726.7,1703.18,1726.7
2026-04-28,1722.09,1725.66,1722.09,1725.66
